,,,
,,,
,,,
,,,
,,,
,,,
,,,
,,,
,,,
,,,
,,,
,,,
,,,
,,,
,,,
,,,
,,,
,,,
,,,
,,,
,,,
,,,
,,,
,,,
,,,
,,,
,,,
,,,
,,,
,,,
,,,
,,,
,,,
,,,
,,,
,,,
,,,
,,,
,,,
,,,
,,,
,,,
,,,
,,,
,,,
,,,
,,,
,,,
,,,
,,,
,,,
,,,
,,,
,,,
,,,
,,,
,,,
Test12,28/01/2022,09:48 AM,00:00:00,00:00:00,New Addition
Test14,28/01/2022,09:49 AM,00:00:00,00:00:00,New Addition
Test124,28/01/2022,09:50 AM,00:00:00,00:00:00,New Addition
123,28/01/2022,09:50 AM,00:00:00,00:00:00,New Addition
12335,28/01/2022,09:50 AM,00:00:00,00:00:00,New Addition
23425,28/01/2022,09:50 AM,00:00:00,00:00:00,New Addition
1568,28/01/2022,09:51 AM,00:00:00,00:00:00,New Addition
1568,28/01/2022,10:49 AM,10:49 AM,00:00:00
23425,28/01/2022,10:49 AM,00:00:00,00:00:00,Removed
123,28/01/2022,10:50 AM,00:00:00,00:00:00,New Addition
1235,28/01/2022,10:50 AM,00:00:00,00:00:00,New Addition
sefg,28/01/2022,10:50 AM,00:00:00,00:00:00,New Addition
zv ,28/01/2022,10:50 AM,00:00:00,00:00:00,New Addition
er,28/01/2022,10:50 AM,00:00:00,00:00:00,New Addition
qw,28/01/2022,10:51 AM,00:00:00,00:00:00,New Addition
